,(5'->5')-dinucleotides,5'-deoxyribonucleosides,Anthracenes,Azetidines,Azoles,Azolidines,Azolines,Benzene and substituted derivatives,Benzimidazoles,Benzophenanthridine alkaloids,Benzopyrans,Benzothiazoles,Benzoxepines,Biotin and derivatives,Carboximidic acids and derivatives,Carboxylic acids and derivatives,Cinchona alkaloids,Cinnamaldehydes,Cinnamic acids and derivatives,Coumarins and derivatives,Diarylheptanoids,Diazanaphthalenes,Diazines,Dihydrofurans,Dithiolanes,Endocannabinoids,Fatty Acyls,Flavin nucleotides,Flavonoids,Fluorenes,Furans,Glycerolipids,Glycerophospholipids,Hydroxy acids and derivatives,Imidazopyrimidines,Indanes,Indoles and derivatives,Isobenzofurans,Isocoumarans,Isoflavonoids,Isoquinolines and derivatives,Keto acids and derivatives,Lactams,Lactones,"Linear 1,3-diarylpropanoids",Macrolactams,Macrolides and analogues,Morphinans,Naphthalenes,Naphthofurans,Nucleoside and nucleotide analogues,Organic carbonic acids and derivatives,Organic oxoanionic compounds,Organic phosphonic acids and derivatives,Organic phosphoric acids and derivatives,Organic sulfonic acids and derivatives,Organic sulfuric acids and derivatives,Organonitrogen compounds,Organooxygen compounds,Oxazinanes,Oxepanes,Peptidomimetics,Phenanthrenes and derivatives,Phenol esters,Phenol ethers,Phenols,Phenylpropanoic acids,Plumeran-type alkaloids,Prenol lipids,Pteridines and derivatives,Purine nucleosides,Purine nucleotides,Pyrans,Pyridines and derivatives,Pyrimidine nucleosides,Pyrimidine nucleotides,Pyrrolidines,Quinolines and derivatives,Sphingolipids,Steroids and steroid derivatives,Stilbenes,Sulfamic acid derivatives,Tetracyclines,Tetrahydroisoquinolines,Tetrapyrroles and derivatives,Thienopyridines,Triazines,Tropane alkaloids,Yohimbine alkaloids
MS01_1,0.213046216,0.003908305,-0.014918846,0.068978897,-1.775446108,-0.013391873,-0.852716448,-1.596681127,0.046839843,0.170538086,-0.057121332,0.78040465,-0.026348337,-0.029234766,-2.404107724,8.602578234,0.095397638,0.029032072,2.458879674,2.122896293,-0.211167878,0.396662298,-1.752467311,-0.137798625,-0.208312951,-0.195647719,-9.042549911,0.084244603,0.062063783,-0.053610434,0.16549896,-0.784172779,2.704765771,-0.988639359,6.563423503,-0.077339696,-1.637065035,-0.075146673,-0.119445869,0.457769797,-0.510189295,-0.600056285,-0.232343808,-0.249573604,-0.283206388,-0.070232226,-0.03173291,-0.30161018,0.114339559,-0.028460741,0.428863481,0.382676429,-0.052175018,0.044707432,-0.005270832,3.597334067,-0.048619703,0.758727242,-4.24205684,0.044241166,0.308741616,1.432978952,0.05949979,-0.043600914,-0.054437329,-0.750741158,-0.44689148,0.023895365,-0.438516938,0.118262919,3.204829556,0.908907017,0.05807443,3.64043949,1.550000432,1.544432104,-0.022114082,-1.026072787,-0.527887609,1.352674804,-0.022304886,-0.020230014,-0.11944801,-0.063786496,-0.107616276,-0.018286491,2.379052744,0.102834355,-0.014990844
MS01_2,0.106126519,0.092627074,-0.029908858,0.110081523,-1.786892975,-0.002672882,-0.857993467,-0.921473469,-0.009888205,0.21039845,-0.05941316,0.359753343,-0.025512779,-0.038666258,-2.363900445,8.727617897,0.010925954,-0.000635807,3.095745697,2.002496365,-0.21146633,-0.090706442,-0.874253836,-0.140761403,-0.238068266,-0.215327691,-8.238155518,0.073990682,0.644581058,-0.054442975,-0.054392143,-0.929310454,0.03537065,-1.155569984,2.97072742,-0.035707418,-0.358522605,-0.0884305,-0.207386495,0.566210108,-0.534795627,-0.698585046,-0.239190198,0.600133187,-0.317790247,1.304183348,-0.031934268,-0.317929094,0.143400191,0.045573527,0.250884716,0.40713925,-0.047643097,0.008006568,-0.009913476,1.79725827,1.569508942,0.594646949,-4.512397505,-0.003670168,0.210331932,0.311593762,-0.004133436,-0.044460432,-0.082181483,-0.615180574,-0.58316177,0.008005028,0.620741222,0.150602296,0.64340076,0.308358668,0.020420338,2.059668736,0.978027271,0.931452353,0.009847296,-1.06176473,-0.530761542,3.324879063,-0.020629049,-0.018133387,-0.124712937,-0.062362065,-0.132820481,-0.0341416,1.362932103,-0.026992205,-0.016815289
MS01_3,0.210183349,0.004481152,0.310075219,0.343737397,-1.854676727,-0.029772341,-0.851723289,-1.515230816,0.045461887,0.226693465,-0.059180366,0.347490805,-0.027162239,-0.045020535,-3.139133703,8.012301635,0.020225212,0.018741348,2.479003404,3.153694895,-0.21142642,0.424876159,-1.283960873,1.138641461,-0.19557706,-0.208487558,-11.13825751,0.131739851,2.279682413,-0.065762168,0.188449439,-1.180670422,0.95170395,-0.974654365,10.46124202,-0.043969981,-1.905962013,-0.108011854,-0.183660051,-0.546226939,-0.479696535,-0.611022739,-0.233128027,0.425589489,-0.264485748,0.550260804,-0.030896009,-0.317020985,0.036537863,0.003302207,0.231591448,0.367470908,-0.054397704,0.024947342,0.016952359,4.810395675,0.271667286,0.046761536,-3.681796492,-0.027408887,0.379681332,1.704317409,-0.054673025,-0.044613918,-0.122294224,-0.985460696,-0.549344379,-0.028172033,-0.864423471,0.295703085,2.88080128,0.205639246,0.068589597,6.067659873,0.723936597,0.358470648,-0.024125442,-1.091442056,-0.532938965,-2.056275834,-0.140688869,-0.022759442,-0.120211757,-0.071820466,-0.166061339,-0.032993678,2.447076588,0.021093773,-0.014687779
MS01_4,0.307502216,0.005517486,-0.051548471,0.440127608,-1.825878236,-0.013145253,-0.848031443,-1.771472671,0.041443671,0.171879875,-0.057691349,-0.108384358,-0.025290871,-0.070336403,-1.88302955,4.154167194,0.02942948,0.022725883,2.357553569,2.152906125,-0.211386531,1.319598335,-0.947410543,-0.236714207,-0.280423699,-0.2170978,-8.594164993,0.098096307,0.282333227,-0.066480721,-0.006570986,-1.011810727,0.068674481,-1.068994902,8.783378588,-0.053267428,-1.510678464,-0.113827141,-0.178535344,0.167957532,-0.558921666,-0.630835356,-0.234131994,0.145954557,-0.251328916,1.774818225,-0.032105279,-0.314978024,0.059449872,-0.005680389,0.305670127,0.740683249,-0.04247083,0.035510704,0.000158005,4.491205132,-0.028239899,0.398496981,-2.878623935,-0.061907451,0.419629676,2.112874789,-0.043161444,-0.044030855,-0.157011993,-1.102306807,-0.577203456,-0.029697811,-0.735615864,0.124540642,4.741150374,1.116211921,0.069113492,5.919485563,0.362123176,1.456342644,-0.023549737,-1.096331961,-0.526797533,3.444440685,-0.113261221,-0.024753913,-0.121156888,-0.070716536,-0.12837053,-0.03311089,2.955472776,0.029480765,-0.015081831
MS01_5,0.56635721,-0.025911905,-0.084044229,0.009054276,-1.834568258,-0.029478288,-0.858886836,-2.779932105,0.025614679,0.198401185,-0.059017796,-0.244442475,-0.027917485,-0.067410788,-0.933233939,4.604846955,-0.00434457,0.032746863,1.537487448,2.380381596,-0.21283368,0.863405947,-2.179256159,-0.263605697,-0.247507871,-0.222061241,-6.835068102,0.116122091,0.347040047,-0.045950699,0.083139918,-1.038269281,0.102131169,-0.916693417,11.44323158,-0.070236264,-2.531378971,-0.119669389,-0.160091796,-0.454573472,-0.562134316,-0.555257454,-0.235366611,0.136571278,-0.31532371,-0.099712426,-0.032667844,-0.324983938,-0.012125028,-0.104150673,0.16177102,0.554867661,-0.050810637,0.044327023,0.010842394,5.563597673,0.04475939,0.526116756,-3.458679267,-0.058976467,0.80113149,2.335537276,-0.107984727,-0.044618825,-0.145538095,-0.922908507,-0.592656873,-0.030072123,-0.683016389,0.058888295,3.363793394,0.036343593,-0.016566509,6.065944821,0.546429546,0.356485113,-0.023097808,-1.100175327,-0.532690763,-3.477563734,-0.138784873,-0.029534208,-0.118014039,-0.067642952,-0.142129357,-0.034014961,3.979795793,-0.189394287,-0.015294615
MS01_6,0.664080825,0.041573785,-0.045997521,0.161165119,-1.747753387,-0.01055271,-0.85508356,0.712611309,0.111842573,0.114329431,-0.061469595,0.829039143,-0.022270015,-0.061419277,-1.874294608,12.81477381,0.081974208,-0.021811611,4.398472422,2.460740377,-0.210077387,-0.178410017,-0.416813884,-0.166982085,-0.291495036,-0.199983602,-15.00343847,0.036495842,0.402359881,-0.05623934,-0.049589152,-1.061989348,-0.049258686,-1.156900434,6.011298943,-0.058874246,0.844829907,-0.11197451,-0.193896107,0.187578315,-0.489735657,-0.719371863,-0.236571656,0.175991851,-0.260722192,2.74478181,-0.029455725,-0.290636674,0.19432295,-0.139120206,0.216334335,0.471270832,-0.067549946,0.006117512,-0.011431469,1.309923969,0.282516961,1.208312449,-4.219391755,-0.02898554,0.457314449,1.165982632,0.22388565,-0.044824858,0.099639199,0.006134162,-0.599868946,0.030662941,-0.778541843,0.192521275,2.336627843,0.539454758,-0.006451061,2.392317999,1.417390433,0.216483754,-0.022622162,-1.066158277,-0.533808372,7.556254332,0.000254347,-0.011604628,-0.123173174,-0.069893774,-0.11825618,-0.025593342,1.54434081,-0.075064604,-0.015393046
MS03_1,-0.004656197,0.066547712,0.212081471,0.393125333,-1.436299934,0.443614722,-0.819579193,-1.505864349,0.009941116,0.070951641,-0.061729591,0.258053564,-0.016778315,-0.045895276,-3.852757215,17.82093564,0.016818805,-0.014279353,2.479717796,1.261247179,-0.207757172,-0.062493744,4.087020508,-0.183264012,-0.283712645,-0.208187273,-19.12806423,0.035179914,0.169136563,-0.046025694,-0.096399988,-1.396702045,-0.092311786,-0.744826632,0.387911537,0.237655279,3.38183218,-0.013349852,-0.139050288,6.742722268,-0.431332165,-0.653771829,-0.239836999,1.826325264,-0.238554412,-0.232791854,-0.018705339,-0.30096202,0.636890763,-0.170659471,0.638257905,1.530099849,-0.084598739,0.012257674,-0.014719263,-0.127092106,-0.174889449,2.449722881,-4.730199478,0.087862741,-0.133970054,0.100169363,0.727768038,-0.044350138,0.158709907,2.105205723,-0.417500101,0.28208656,1.705749877,0.157018007,0.174299612,0.477698594,-0.010758137,2.049717805,2.677489833,0.166806661,0.070099362,-0.803385312,-0.528865627,9.128245962,0.414675665,-0.009186941,-0.123721114,-0.067772932,0.275648753,-0.025446833,0.280733544,-0.070253281,0.201785066
MS03_2,0.158405494,0.172679332,-0.066168456,0.451960843,-1.578422474,-0.024215719,-0.779033264,-1.370119548,0.043887675,0.243263862,-0.059517062,0.326280948,-0.02639649,-0.028480624,-2.298099609,8.344016142,0.035734328,0.043839536,2.572463852,1.689718056,-0.210455003,0.179157569,0.457208862,-0.198116479,-0.222716592,-0.168834663,-8.609769902,0.119797105,0.234081328,-0.065207214,-0.069219166,-0.930001899,0.54822204,-0.615473921,4.954205239,0.020134506,0.828986113,-0.067408427,-0.00810166,0.18042695,-0.513628422,-0.638043782,-0.236978422,0.396110654,-0.130241275,0.368648538,-0.03094223,-0.286756977,0.119025744,-0.172155701,0.163641551,0.353050547,-0.055010526,0.020905156,-0.010525266,2.84991935,0.117408174,1.272339979,-4.151335879,0.048497697,0.355188303,0.509475941,0.095159892,-0.044353523,-0.152849387,-0.001554058,-0.507870048,0.01606486,-0.687809989,0.163399929,1.37573969,0.3917293,0.105989909,1.974407771,0.666809602,0.187102529,-0.023118816,-0.95736128,-0.518692902,1.286569325,-0.121176696,-0.018711146,-0.123607234,-0.063122183,-0.174447658,-0.006838747,1.354182439,-0.1018685,-0.016431092
MS03_3,0.060044534,0.073495348,-0.052748001,0.306054646,-1.487318478,0.05948681,-0.828781538,-1.208028966,-0.000198283,0.111395117,-0.061338737,0.401407169,-0.023982455,-0.050699232,-2.094594883,12.28131739,0.092064561,0.07503451,2.640176057,1.304321414,-0.19802201,-0.01001159,-0.240230222,-0.205219376,-0.250479977,-0.17372127,-11.37436779,0.063702481,0.068306522,-0.051401334,-0.115860156,-1.009988229,1.759357797,-0.810960626,0.574694496,-0.048363102,2.054758534,-0.093667908,0.019819825,0.867866141,-0.430107334,-0.683654976,-0.242060967,1.280473155,-0.223025823,1.118223013,-0.01087053,-0.25325448,0.187361622,-0.050134577,0.353887873,0.704826432,-0.055189382,0.016913382,-0.020014961,0.839362341,-0.212159487,1.429916383,-4.347901375,-0.016527412,0.394897837,0.242139516,0.55210803,-0.043652725,0.147846506,1.223958722,-0.512304058,0.326077413,-0.728057575,0.109408261,0.451146167,0.55620511,-0.02116162,0.987757247,1.162462546,0.94391463,-0.002670706,-0.990260307,-0.522875265,3.239147876,0.420660513,-0.013080933,-0.124581091,-0.069876331,-0.051628422,0.007647155,0.54532493,-0.113572719,0.106149621
MS03_4,0.002437054,0.015081011,1.455182972,0.282164166,-1.484158594,0.02110972,-0.854063599,-0.056306456,-0.008188912,0.349828685,-0.059371729,0.228009175,-0.022608492,-0.045435394,-3.048273288,8.452473238,0.023482547,-0.00307746,3.815467886,1.721486985,-0.210234572,-0.050010453,0.445617529,-0.132760174,-0.246494431,-0.139479353,-9.169519681,0.079881892,0.154454387,-0.066588737,-0.112467911,-0.765036987,0.725735193,-0.711488462,2.657409964,0.189057941,2.326381349,-0.03596698,-0.014014544,0.335672245,-0.488864385,-0.686373554,-0.23997155,1.07842924,-0.251129028,-0.267087945,-0.015751841,-0.304871246,0.197927423,-0.173405896,-0.138695103,0.595403248,-0.054592823,0.01517914,-0.017323236,-0.489890348,0.084236855,1.458735857,-4.697484583,0.074517142,-0.002482733,0.501722187,0.046932793,-0.04463402,-0.062602381,0.37296094,-0.503591301,-0.001740429,2.875743848,0.087696937,0.294226362,0.144542037,0.011065266,0.713512109,1.361794232,0.029729332,-0.02322064,-0.974633207,-0.535142238,3.576138442,0.044173384,-0.015430176,-0.127402017,-0.070907479,-0.127748816,-0.013013908,-0.912831156,-0.127017007,-0.01620475
MS03_5,0.045432713,0.06182073,-0.066134985,0.66026169,-1.509636381,-0.012180209,-0.867182879,-1.800828183,0.033375779,0.071070845,-0.055916969,0.359305259,-0.025113006,-0.054082793,-3.14571377,4.932093728,0.10234349,-0.024897914,2.173391832,1.889715019,-0.211621011,0.001078121,-2.055345258,-0.11601271,-0.206476135,-0.157440319,-5.034229246,0.033493523,0.138920941,-0.056887309,-0.026528356,-1.115334685,1.394407907,-0.670417886,3.198064961,0.074127211,-1.645720145,-0.084945213,0.360290745,0.065545926,-0.474735097,-0.67274261,-0.240172768,-0.235376932,-0.26910631,0.230029722,-0.029699557,-0.253758412,0.156418118,-0.099340202,0.503778294,0.533254978,-0.052892502,0.067333971,-0.01471806,1.525312169,-0.202892123,1.761787872,-3.731477892,0.064666115,-0.117590535,1.595619238,0.184584221,-0.044774999,-0.05298854,-0.394540458,-0.489572465,0.078247806,1.331493536,0.190848364,1.38972001,0.561974765,0.030387378,1.507210169,0.845385271,0.265406224,-0.006171715,-0.94797945,-0.519976926,3.458916278,-0.037415944,-0.019248675,-0.115643441,-0.070065314,-0.130336528,-0.019382894,1.50574383,-0.170156963,-0.016100754
MS03_6,0.014940545,-0.002232821,0.143651345,0.511244626,-1.604271864,0.032317007,-0.807213016,-2.905588436,-0.007118863,0.105287645,-0.057518815,0.623154548,-0.023276755,-0.013114631,-0.953000904,2.371055673,-0.026276952,-0.075350918,1.208343941,0.924434952,-0.208131858,0.049619775,0.292323653,-0.015663263,-0.196748567,-0.155209626,-6.592698388,0.024245023,0.389852988,-0.068498957,-0.069753999,-0.758106652,2.023741404,-0.857047893,7.42555871,0.045635688,-1.636665748,-0.038182757,0.083152027,1.102543824,-0.408196607,-0.625383752,-0.221142481,1.14239114,-0.176849173,0.440853754,-0.031984243,-0.297220872,-0.004941292,-0.065619867,0.220513126,0.186401292,-0.055112929,0.028635553,-0.00871026,1.943160414,-0.004476859,2.022429655,-4.497720817,0.07370261,0.492964327,2.433393266,-0.064830226,-0.043339321,0.005574376,-0.920566629,-0.461925638,-0.03357653,-0.575995147,0.055472329,1.38150323,0.262562584,0.154557006,2.593306185,0.127315249,0.707617346,-0.021581481,-0.967376533,-0.526637009,6.181766823,-0.102055403,-0.027395453,-0.114923306,-0.058614949,-0.176465648,0.012393272,2.921923538,-0.128023017,-0.017527522
MS07_1,-0.037186545,-0.011683324,0.430122485,0.103254528,-0.417424636,-0.029857642,-0.820517104,-0.294791404,-0.003281128,0.028930017,-0.059499683,0.195244941,-0.020349617,-0.018199477,-1.946163649,5.029945224,0.161737796,0.434945594,0.224505423,-0.248532508,-0.183201849,-0.343837413,3.738743295,0.596422489,-0.126928468,-0.044351236,-8.593331648,0.018955903,-0.177959356,-0.057045821,-0.167970333,-1.233123726,0.909470326,1.851466091,0.154714577,0.023688967,0.714633914,0.020305315,0.256518062,-0.517122326,-0.479923718,-0.581466679,-0.233926615,0.348750442,-0.225209576,-0.280964119,-0.021846194,-0.242607413,0.267192977,-0.125431267,0.275414211,-0.201635205,-0.058974023,0.018636901,-0.00273843,0.444741527,-0.131861945,-0.271811074,5.800510287,0.047388344,0.201722004,0.103544103,0.066008507,-0.04483724,0.103987411,0.740058424,-0.384330306,0.045440467,-0.812341132,0.014692078,-0.753779272,-0.269762899,-0.034551493,-0.352457106,0.012127384,-0.217099352,0.016012269,-0.811167255,-0.53190329,0.143607365,-0.012669818,-0.021279523,-0.126667562,-0.069195207,-0.003790491,0.008731057,0.781717683,-0.090834071,0.05892936
MS07_2,-0.080335468,0.063912263,0.052989628,0.164977644,-0.485944566,0.002235606,-0.853715827,-1.051675544,0.001506996,0.054319209,-0.06065545,0.720425335,-0.018025995,-0.018695262,-2.350015671,6.499568652,-0.028995074,0.356741454,1.978370981,0.785118162,-0.203797506,0.285977636,-2.172227957,-0.003191078,0.023715427,-0.073164687,-9.963983254,0.039460493,-0.081889794,-0.068854732,-0.1521493,-0.646324347,1.542993519,0.917083304,0.016714502,0.191346887,0.835153535,-0.03876112,0.307037488,0.090509585,-0.371385217,-0.642220368,-0.239760909,0.409921117,-0.154474301,-0.244449754,-0.026564506,-0.115562258,0.075418938,-0.094361144,0.487959937,0.046519876,-0.077954805,0.022828426,-0.019441204,0.981493986,-0.350709697,3.257080851,-0.848162589,0.107974291,0.160260251,0.790019494,0.053459625,-0.044089987,0.014315973,0.324433887,-0.312074592,0.014732039,-0.246148184,0.013390816,0.215545748,0.175375114,0.086638134,-0.055482406,0.520284416,0.129326561,0.005899347,-0.574767891,-0.534147619,10.25203172,0.358192126,-0.013559095,-0.113849368,-0.072036215,-0.094500532,0.115425603,0.784681061,-0.186944397,-0.002191469
MS07_3,-0.085319666,0.034903099,-0.045875396,0.401455749,-0.100131214,0.014667865,-0.851309394,-2.322468968,0.00398796,0.239409135,-0.060542641,0.21918445,-0.013034318,-0.006158112,-2.533136685,10.72589602,0.125448848,0.196372584,1.01724898,0.641599393,-0.203731331,0.155302791,4.941990746,0.674850388,-0.071866444,-0.10825747,-14.23355499,0.043915051,-0.188089606,-0.054832206,-0.005480784,-0.740823597,0.582119364,0.815035198,-0.859788549,0.108299283,2.391783064,0.06233939,0.306754547,0.605620558,-0.334554435,-0.541661184,-0.234651118,0.611063475,-0.209918664,-0.273276614,-0.024868122,-0.273367737,0.164915277,-0.089501687,0.135673965,0.65156349,-0.065829178,0.013945682,-0.011231664,0.099862206,-0.331696233,4.769988134,-1.201479932,0.105335995,0.219178395,-0.044950948,0.224508621,-0.04412397,0.101653933,1.509282352,-0.212875448,0.191351155,-0.701007296,0.155351389,-0.399226534,0.21803985,-0.019083306,1.712438712,2.081329366,0.275137192,-0.02115423,-0.680136729,-0.519475866,6.489327384,0.541343229,-0.01518064,-0.123342368,-0.0650383,-0.07056155,0.024408469,0.38037269,-0.030136651,0.091986164
MS07_4,-0.084355305,0.103938578,-0.077138638,0.430000885,-0.978726439,0.001658949,-0.802080729,-1.182249864,0.000194549,0.09905578,-0.05925081,-0.341366334,-0.025918992,-0.057657923,-1.721974147,9.317416265,0.067278764,1.390405963,1.182858497,1.203818809,-0.208887971,0.190997536,2.9797033,0.455900632,-0.182202118,-0.18119335,-11.09150086,-0.00232333,-0.149879415,-0.045350996,-0.054880179,-0.712865359,-0.239975967,-0.809078834,-2.436521983,0.021512554,1.133400548,-0.041207043,-0.061050709,0.809523876,-0.423074245,-0.607474914,-0.24073018,-0.122134827,-0.239810791,0.166939847,-0.02395685,-0.285901159,0.128225817,-0.095675225,0.518919665,0.773268363,-0.063629465,-0.008184427,-0.006137018,-0.290702527,-0.224364996,1.59416486,1.985674826,0.001355719,0.233793069,0.139854012,0.484244592,-0.044467793,0.091821664,1.523503054,-0.182067358,0.049707052,-0.473657459,0.165313423,-0.582083481,0.818576134,-0.059197763,0.631273292,1.124115786,0.679792725,0.394612696,-0.920870069,-0.526404929,4.93627346,0.13500904,-0.015890135,-0.126760362,-0.068775779,-0.021471199,-0.02834115,0.564411437,-0.118474961,0.126253839
MS07_5,0.122831841,0.073569122,-0.084796618,0.160686341,-0.798235896,-0.029281166,-0.800762859,-2.33804145,-0.011615428,0.185213934,-0.059682707,0.789114556,-0.028498625,-0.019821588,-1.017230142,8.462244923,-0.000519604,-0.099328249,1.254854218,0.7233484,-0.156958748,0.809311403,-0.490645869,-0.106390453,0.158385355,-0.193227336,-9.007622846,0.131693108,-0.054104964,-0.068767799,-0.068827239,-0.642525882,0.965209384,0.572145341,4.290822863,-0.063503925,0.633767957,-0.116242239,0.929937967,-0.553477789,-0.442817933,-0.523008642,-0.248773002,1.264534577,-0.19714688,-0.267722724,-0.031043589,-0.238823273,0.004873863,-0.098266042,0.331420953,0.055512929,-0.047881779,0.045086763,-0.0074995,1.317086419,-0.15685923,1.788825073,-1.916807312,-0.01309252,0.278670129,1.959463017,-0.075454669,-0.04488789,-0.146498751,0.274582108,-0.259742699,-0.031954891,-0.883658013,0.018468254,1.750824077,0.098152678,0.112736909,1.411102011,0.125132273,-0.059789334,-0.023881281,-0.852874133,-0.516079144,-2.242676491,-0.1400159,-0.022785912,-0.119658734,-0.055947153,-0.180447452,0.307757826,1.424837702,-0.071076502,-0.016496033
MS07_6,-0.001505754,0.159389872,-0.078701176,0.147568217,-0.400829039,-0.029717212,-0.792848256,-1.479056304,-0.011497979,0.129375355,-0.058172293,0.333442241,-0.02542385,-0.029271806,-1.590270606,3.769192574,0.045820251,-0.110981958,1.180846619,0.756534877,-0.174323405,0.483972813,0.056783138,-0.181003697,-0.061505757,-0.165186442,-7.687846691,0.097094736,-0.014145105,-0.068874015,-0.114953641,-0.673449897,1.531526105,1.02894935,1.133615317,0.017265962,2.786396462,-0.082271263,0.951914577,-0.321960808,-0.347283645,-0.572882214,-0.229728647,0.499084843,-0.188649083,-0.193353095,-0.027291134,-0.224219833,0.09646943,-0.117749286,0.574069111,-0.388536989,-0.048871683,0.048187052,-0.011908821,1.60240214,-0.191113265,1.779597298,0.701371743,-0.007038343,0.221199416,0.745796831,-0.03978931,-0.04489194,-0.08879116,0.770651937,-0.366759165,-0.020586876,-0.604996429,0.058068153,0.982978747,-0.085001682,0.104364007,1.635580722,0.653891836,-0.129080583,-0.016298844,-0.708274772,-0.529101843,2.694104407,-0.098695427,-0.026797614,-0.122108304,-0.061291303,-0.173792307,0.19488924,1.400925369,-0.028004236,-0.015858054
MS14_1,-0.0852991,-0.036108337,-0.084838246,0.158769219,0.315612927,-0.028484408,-0.704294742,0.463268427,-0.011973567,0.03267069,-0.060016359,0.111016024,-0.022078266,0.530451961,-2.862588552,4.375120514,-0.013213694,-0.146070607,0.279318254,-0.260074756,-0.133504902,-0.042724256,0.467694474,-0.023061033,0.19943108,-0.094895523,-9.378208361,-0.004299694,-0.134327164,-0.07814149,-0.104998064,-1.341888645,0.655201879,3.813516877,-1.996838284,0.175455918,8.217566021,-0.08345324,0.094984531,-0.460649317,-0.179363484,-0.194315423,-0.212310217,0.039795327,-0.220063229,-0.258928704,-0.021134708,-0.257752014,0.041055234,-0.091628356,0.025915189,0.232784918,-0.067371072,0.008378811,-0.021586074,0.193299594,-0.39694168,0.221799252,8.418569868,0.174850596,-0.03025239,-0.507516136,-0.119130124,-0.044750041,-0.144064639,1.712589002,-0.495201173,-0.029396539,1.290811551,0.064790332,-0.855709377,-0.292195322,-0.016537147,0.11149113,-0.09484863,-0.302867099,-0.020163935,1.841645331,-0.516984159,2.981567526,-0.069906119,0.004351845,-0.127386865,-0.04386164,-0.084790841,0.0341467,-0.238248272,-0.112874379,-0.012788049
MS14_2,-0.087698307,0.040417802,-0.038157189,-0.125832722,-1.0162683,-0.011126995,-0.525890185,-3.180519673,-0.009966915,-0.044953638,-0.059072368,-0.060777839,-0.027824771,0.168126774,-2.110058546,0.231489092,-0.026311712,-0.052540156,-0.523657528,-0.635613051,-0.207092744,-0.021496158,-0.789043457,-0.144227557,-0.160108613,-0.113235291,-8.995859446,-0.015701994,-0.100195078,-0.081408384,0.138909363,-1.501496709,-0.463253051,2.231369823,-2.582585983,0.020434412,2.842274494,-0.115995226,-0.178958684,-0.16640336,-0.007237577,0.940355481,-0.186021585,24.62428206,-0.263380982,-0.280063993,-0.011536725,-0.267574818,-0.020932937,-0.128150956,-0.010916172,0.058660292,-0.07879553,0.007961709,-0.022449611,-0.265717205,-0.3601434,0.931545346,6.093093414,-0.004868404,-0.137866886,-0.504195334,-0.090793103,-0.045853403,-0.161106113,1.895087188,-0.432237967,-0.032071491,-0.77233166,-0.060580774,-0.742525175,0.77581668,-0.077498227,-1.22517241,-0.294242973,-0.221706641,-0.024482724,-0.609121488,-0.530316464,-1.734378481,-0.063165097,0.001148058,-0.125644032,-0.025298196,0.045494393,-0.020626951,-0.522409491,-0.153117309,-0.014037805
MS14_3,-0.086994691,-0.029951093,-0.073567903,-0.172638626,1.096895265,-0.028324449,0.006242113,0.834017011,-0.008178479,-0.138235435,-0.057138171,0.018553097,-0.020050913,0.232052393,-2.7623661,3.328666791,-0.023647759,-0.054516566,-0.25149236,-0.506748198,1.198903143,-0.115141015,-3.430854577,0.008622428,0.029955916,-0.079145977,-5.409762649,-0.037516792,-0.205713154,-0.067487115,0.341362241,-1.027956115,1.222017486,2.61360221,-2.875011321,0.024614253,3.527930876,-0.094501926,-0.212247048,-0.441553568,0.017504385,0.560753211,-0.203463162,-1.99489954,-0.026548492,-0.259338756,-0.00806653,-0.166349919,-0.029220878,-0.113795666,-0.213728783,-0.149191578,-0.059495486,-0.011268067,-0.018194482,-0.112332527,-0.390398919,-3.124007266,8.347093892,0.044241717,-0.153544535,-0.459386256,-0.035477443,-0.044902086,0.089248866,2.984532315,-0.407407674,-0.029507835,-0.613796069,-0.140364423,-1.03062928,-0.291350998,-0.096927868,-1.154846892,-0.289748142,-0.328085471,-0.022936774,0.621507974,-0.515179367,1.39714122,0.121950001,0.011413432,-0.100109113,-0.022300172,0.393666384,-0.006742341,-1.041158621,-0.038979901,-0.013731742
MS14_4,-0.084439142,-0.039710327,-0.079929898,0.080815591,2.028205537,-0.022032442,-0.550211258,1.890375388,-0.009320144,-0.120054014,-0.055105433,0.119361576,-0.022250942,0.105474953,-3.342712417,7.681039542,-0.005963213,-0.014269666,-0.524838889,-1.128942451,-0.194919153,-0.129150474,0.181798161,-0.14407185,-0.008168675,-0.227099429,-13.0713049,-0.039085513,-0.072134698,-0.081141643,-0.108670949,-1.109424586,0.631683518,3.649602476,-1.827137915,0.117533169,5.194322166,-0.056675771,-0.158892203,-0.445768521,-0.156263129,-0.344540989,-0.124245924,-0.669400583,-0.042596885,-0.274195946,-0.013210002,-0.263969863,-0.000675552,-0.057383401,0.083136521,-0.253211835,-0.05852201,-0.008172146,-0.017774585,-0.547119163,-0.33720851,-3.775381742,15.060391,0.125654074,-0.17686894,0.045307778,-0.112503143,-0.044622894,-0.034903652,2.468274252,-0.293571372,-0.02876827,-0.665674902,-0.070746827,-0.930014641,-0.282184995,-0.054357366,-0.282371488,-0.185505374,-0.325523113,-0.024108224,-0.325954439,-0.520758563,2.96597188,-0.018602734,0.019324729,-0.107442842,-0.030199453,0.01051035,0.033015427,0.060507033,0.013236427,-0.010473728
MS14_5,-0.089566187,0.061524497,-0.084997649,0.096267408,-0.069466067,-0.026592382,-0.73983013,-1.166976442,-0.017553598,0.049696435,-0.046479374,-0.352138078,-0.027906083,-0.032124319,1.564789973,-2.88948175,-0.064533378,-0.010402457,0.042858946,-0.160235513,0.080691707,-0.295056928,7.345355196,0.969600388,-0.011443919,0.003085468,1.031719815,-0.03098067,-0.249777499,-0.076086414,-0.027492025,-0.697346743,-0.458440285,-0.153284278,0.824514378,-0.090245353,2.131628181,-0.101081762,-0.081310581,-0.504911471,0.456160392,-0.643667473,-0.190659232,0.386665363,-0.018862674,-0.291342145,-0.025484901,-0.311469715,-0.046861868,-0.015444412,0.191198236,-0.331655726,-0.054492344,0.007550017,-0.017165178,-0.810805552,-0.056178129,4.113282212,1.961209101,-0.065558013,-0.150257169,-0.491829968,-0.240676707,-0.045376053,-0.243503897,1.011775992,-0.42001624,-0.034674644,-0.732315681,0.456435404,-0.714947451,-0.294361959,-0.022368136,-0.035298716,-0.544629096,-0.282984428,0.135557063,-0.691710178,-0.501270923,-5.650644657,-0.151444333,-0.033507633,-0.083210135,-0.026010084,-0.178279759,-0.024800465,0.215876341,-0.099696408,-0.015928419
MS14_6,-0.089079813,-0.013303208,-0.062816515,-0.228354323,0.467412584,0.010961682,-0.657168137,4.268684975,-0.017872727,-0.13086823,-0.049848515,-0.354061016,-0.024985465,-0.041607921,-2.051350356,-9.311838422,0.002545678,-0.082079221,-1.569275195,-1.191886377,-0.212867013,-0.156229274,0.288900848,-0.092359369,-0.159652085,-0.094668266,-1.35361991,-0.050290018,-0.243358209,-0.045257827,-0.111415791,-0.389658768,-0.700711458,1.086812744,-1.927037699,-0.019116711,1.746313691,-0.040604064,0.191173154,0.312974874,-0.389638338,-0.260735877,-0.212037681,15.53082322,0.082627458,-0.279347137,-0.01862308,-0.140541253,-0.062253533,-0.147685204,0.001433687,-0.334367682,-0.072258606,-0.0132497,-0.022158704,-0.980296266,-0.142736633,-0.722627116,10.1449478,0.013339166,-0.223554872,-0.476847726,-0.235876901,-0.046308426,-0.143273459,-1.040718086,0.153108998,-0.039308894,-0.088282182,-0.069030301,-0.244921322,-0.305693361,-0.068939969,-1.742976514,-0.638420023,-0.325738977,-0.02554853,1.83732075,-0.044938656,0.120961959,-0.017745083,0.002429025,-0.0705196,0.078509504,-0.088506603,-0.029711401,-0.803860609,-0.210053636,-0.014207027
MS21_1,-0.09165588,-0.059364995,-0.080064515,-0.307969478,1.493967973,-0.005345416,-0.064187845,4.698422422,-0.019304052,-0.142470635,-0.028125612,-0.315999448,-0.023558331,-0.038008243,2.528644204,-9.203000967,-0.024297359,-0.09800076,-1.800143612,-1.205702099,1.23111564,0.019297922,1.2821211,0.02543185,-0.008224615,0.292597739,10.40633074,-0.058608154,-0.283255067,-0.006700867,0.077031067,0.314605304,-0.867857214,1.025247014,-3.277835011,-0.046694253,-1.505616089,-0.081652615,0.005794465,-0.368014857,-0.287449522,0.678301431,0.312607148,-1.825037287,-0.029582935,-0.288105977,-0.02480387,0.046851933,-0.172635159,-0.100434824,-0.370180625,-0.383452606,-0.035970453,-0.024629345,-0.020505261,-1.540689163,0.373255141,-1.858623541,2.966139625,-0.016762747,-0.237356978,-0.779737265,-0.184422157,-0.046021622,-0.174700435,-1.032366563,0.491414485,-0.038679874,-0.45174894,-0.11543002,-1.066171899,-0.313883623,-0.082047623,-1.204589983,-0.852371393,-0.338195606,-0.025184108,-0.240162399,1.11713854,-3.569011121,-0.117783361,-0.060575007,0.098425526,-0.018961263,0.121904045,-0.030682342,-1.086029521,-0.136902039,-0.017280248
MS21_2,-0.085672324,0.183805455,-0.084134984,0.152861142,6.704716159,-0.025625298,-0.56813816,1.924850124,0.005887529,-0.016053726,-0.043723067,-0.187268553,0.013714803,0.207925649,-3.438286955,12.21094548,-0.037686874,0.046659037,1.710197739,0.442487062,-0.210643751,1.223229359,1.319940011,-0.100772329,0.464996276,-0.223862921,-12.491903,-0.020223325,0.355822703,-0.084255939,0.254185245,0.884045753,-0.783816318,-0.069312572,-3.09538989,0.020103232,5.284732366,1.637597321,-0.20717408,-0.588156457,1.165738557,0.368551623,-0.0973785,2.48431628,0.443438977,-0.286382169,-0.005022865,-0.275917684,-0.107486986,2.759009028,0.193275723,-0.32287087,0.615773122,-0.023310521,0.087750594,-0.906675359,-0.125287746,-2.028784072,-2.524741627,-0.029474172,-0.203723655,-0.865515429,-0.177839051,0.010604208,-0.089373342,2.932215905,-0.315388167,-0.027914445,1.738352322,0.011349078,-1.013678588,-0.294779934,0.029454696,2.533231528,-0.407359502,-0.324230059,-0.008830233,1.184688069,-0.485450766,-3.968223223,-0.113355631,-0.015744796,-0.092466327,0.503090329,-0.117029991,-0.016579318,-0.893938774,3.158136889,-0.010625037
MS21_3,-0.085511866,-0.057097948,-0.084753347,0.294669023,6.364726181,-0.023387009,0.061691664,1.716858205,-0.014037003,-0.134611406,-0.051454775,0.134458509,-0.018977458,0.163364383,-2.208202256,10.40929845,-0.056791969,-0.018365708,1.274405774,0.153509482,-0.153295755,-0.284574607,-0.046513781,0.058309407,0.695078017,-0.088358008,-9.143164712,-0.039194353,-0.065272162,-0.083371451,-0.081681471,-0.602414065,-0.276628937,2.722184745,-2.708039868,0.034369223,0.757195234,-0.025270573,0.217125562,-0.565472271,0.488467193,1.785217704,0.227970866,-1.310154451,0.505013514,-0.270413039,0.178625129,-0.107640686,-0.097947043,0.016411392,-0.294588185,-0.34222917,-0.070538932,0.011645353,0.000766057,0.273372345,0.494424626,-4.031378976,4.699502264,0.071334445,-0.104998004,-0.593840711,-0.166992667,-0.044193954,-0.086048175,2.52674994,-0.041435356,-0.030318528,0.281246035,-0.255758987,-1.023547972,-0.291117049,0.007475899,0.768714121,-0.464494644,-0.32298835,-0.023159712,2.635418335,-0.469972402,-0.781331066,-0.135815815,0.043968852,-0.058790216,0.587187728,-0.073147564,0.038587248,-0.172683397,0.315614451,-0.013090117
MS21_4,-0.092453647,-0.062990276,-0.067969427,-0.122916849,2.078818229,0.112358132,0.029162712,0.024713166,-0.019558812,-0.14225583,0.007829488,-0.311701082,-0.022981921,-0.039918322,1.04678585,-9.246929268,0.014059422,-0.09363286,-1.819138342,-1.275125886,-0.213418172,-0.160141927,-2.164085837,-0.244077003,-0.097416176,0.210635093,10.78623428,-0.058533393,-0.227336983,-0.024193179,-0.115333891,0.267188871,-0.850526168,-0.493131838,-2.834089826,-0.018092145,-2.643967015,0.05870474,-0.033255371,0.493561768,-0.202254584,0.362323255,0.205597917,-3.17082405,0.063076595,-0.201832656,-0.017501887,0.094986075,-0.184969234,-0.025588228,-0.303856653,-0.379707667,-0.040672598,-0.034705843,4.84E-05,-1.49588641,0.005654444,-1.988176773,4.576889417,-0.009815491,-0.236935612,-0.710942376,-0.245885558,-0.045437256,-0.125000063,-0.25660847,0.389849426,-0.033749851,0.3658623,-0.100638701,-1.054102846,-0.315953971,-0.060264699,-1.81651955,-0.901481156,-0.335728885,-0.024882305,-0.412767269,-0.038231616,3.284412143,-0.027157752,-0.020322331,0.299917665,0.079607018,0.07680156,-0.030674519,-1.291700076,-0.046142435,-0.017527771
MS21_5,-0.09281755,-0.060385618,-0.078845569,-0.415202141,0.430786192,-0.000163236,-0.164783719,10.06322654,-0.018304613,-0.148700758,0.202434387,-0.358138973,0.211117117,-0.043599615,-0.700960501,-14.36079177,0.001880606,-0.176637206,-2.246444366,-1.409814689,-0.21352199,-0.152938866,-0.405885411,-0.191589327,-0.213104756,0.709334739,13.20323767,-0.062070324,-0.209952087,-0.072663282,-0.157043504,6.028442452,-0.974090103,-0.714491034,-3.305748365,0.001941494,4.166884795,0.063205948,-0.104608035,-0.304419438,0.392448717,0.782766103,0.058790842,-2.448382411,0.383980745,-0.29081373,-0.02614729,-0.246734278,-0.028306584,0.157171243,-0.364441842,-0.393110151,0.060144099,-0.02822875,0.055329681,-1.796061075,-0.346924537,-3.25546409,1.059035749,-0.065813152,-0.234524576,-0.746233822,-0.08876071,-6.96E-05,-0.202808607,-1.188882438,-0.26595004,-0.041146335,1.20176701,-0.015323303,-1.071445556,-0.324395186,-0.09749197,-1.945430119,-0.835968215,-0.340040575,-0.023635643,1.730597845,0.394484278,-1.944317434,0.119081383,-0.050521003,0.407362604,-0.023836675,0.189134155,-0.030714779,-1.286052115,0.10896653,-0.018266318
MS21_6,-0.091950115,-0.073234827,-0.086118527,-0.330334598,2.036002057,-0.021762964,2.873789642,3.317799336,-0.019127603,-0.12861567,0.00572635,-0.355873326,-0.024788476,-0.034858447,5.480695451,-9.555719235,-0.06321095,-0.178925073,-2.110359871,-1.334878425,0.7289512,-0.084040454,-0.142891444,0.056055804,-0.015114472,0.065939853,10.24518655,-0.060945086,-0.289393083,0.062627001,-0.197632788,3.405428676,-1.00600079,0.124393861,-3.289702507,-0.059147322,-0.995985955,-0.036964849,-0.047659118,-0.481847891,0.281550784,0.768144337,0.102356164,-2.980375654,0.279047842,-0.291810153,-0.016682986,0.225673659,-0.125042299,-0.093904346,-0.32898267,-0.390593052,0.062972097,-0.02957577,0.060619577,-1.777234683,-0.314335964,-0.06198053,2.244121,-0.058262267,-0.238541414,-0.920546536,-0.094747756,-0.037941132,-0.188596741,-1.340308727,0.280654409,-0.041004448,0.810414149,-0.139901675,-1.068651816,-0.315828968,-0.056715917,-1.575511745,-0.825823621,-0.339543921,-0.025358761,1.039989255,1.345859232,-4.978409341,-0.135035834,-0.026123091,0.162584195,-0.036963627,-0.067786994,-0.030269424,-1.313338254,0.032196633,-0.017400527
MS28_1,-0.093115469,-0.066493556,-0.084745877,-0.274652746,-0.503655544,-0.026702747,0.851127547,-0.845508167,-0.003154304,-0.109543335,0.024039273,-0.356191008,-0.023972682,-0.079347498,8.222369089,-12.61237104,-0.055963504,-0.084382133,-2.812237675,-1.646752455,0.895042094,-0.486011405,-0.526523222,0.036755929,0.341294776,0.344368016,17.07627721,-0.057432721,-0.174951264,-0.072693843,-0.018972646,0.735926862,-0.981696342,-1.007937705,-3.25951729,-0.037948777,-3.044255962,-0.031644308,-0.093416633,-0.511816145,0.195168879,1.650928638,0.091964111,-3.601724129,0.350185023,-0.291677688,-0.02817177,0.685055023,-0.118314113,-0.064440838,-0.359985554,-0.390617864,-0.03677591,-0.022503146,0.003996447,-2.084451581,-0.095843715,1.658857307,-2.57440725,-0.051684181,-0.214781214,-0.970757622,-0.036185483,-0.034077144,0.345570573,-1.027142046,1.477765666,-0.040476161,-0.058925964,-0.237836187,-1.062880347,-0.32913941,-0.087977518,-3.079764376,-0.851778872,-0.338345034,-0.023849672,1.241436093,-0.103327687,-3.710471709,0.057769041,-0.042411313,0.158250528,-0.046715112,0.067179071,-0.027754727,-0.8899454,-0.204425333,-0.018082409
MS28_2,-0.09380586,-0.057903803,-0.069720997,-0.465831111,2.394568139,0.002121095,7.845133402,0.43031955,-0.005346992,-0.153050444,-0.030171453,-0.357939966,-0.02576403,-0.035358115,1.765371893,-10.87793959,-0.059230677,-0.079968906,-1.731759331,-1.137408288,0.634881284,-0.335543128,-2.271309214,-0.188748756,-0.134014066,0.624593553,16.17692488,-0.064496028,-0.245762595,0.295742299,-0.025375053,-0.464563225,-0.989711231,-0.898811676,-3.249034151,-0.031985246,-3.955878502,-0.015183862,-0.141231073,-0.313325029,-0.019843502,-0.432589474,0.247222655,-3.29021255,-0.042595923,-0.290940156,-0.027639775,0.329078978,-0.169400382,-0.070923073,-0.370711879,-0.408135281,-0.03228001,-0.034771134,-0.005073425,-1.928924141,0.504551249,-2.382052698,-1.200938595,-0.065176248,-0.236676148,-0.788860876,-0.08323919,0.04830149,-0.000798998,-1.54176866,0.361413313,-0.041213964,-0.423334188,-0.218441202,-1.041734904,-0.320519032,-0.042152623,-2.617292317,-0.901698938,-0.338038681,-0.02533639,0.514979331,0.74666238,-3.839118324,0.138308231,-0.044044859,0.072284198,-0.043166942,0.267569878,-0.03092555,-1.275356658,-0.172528122,-0.018415753
MS28_3,-0.093909264,-0.074458332,-0.084622685,-0.237300191,-0.799444663,-0.026074442,0.180861299,-2.209547108,-0.013142181,-0.140085654,0.5129815,-0.358709618,-0.02298165,-0.042012865,7.153279935,-13.90213489,-0.017387323,-0.134973591,-2.571250608,-1.524464276,0.840453742,-0.323853697,0.527729603,-0.158398235,0.123973634,0.394110322,20.31920308,-0.059250226,-0.313168186,0.118918018,0.044185342,0.791799602,-0.998454465,-0.964813362,-3.307579662,-0.069238902,-6.626812003,-0.024449151,-0.172845536,-0.574496029,0.442392088,0.762210985,0.076619634,-3.546187284,0.237312149,-0.291719673,0.099439443,0.028492676,-0.211428537,-0.117601212,-0.370469156,-0.392754123,-0.025619674,-0.032186798,-0.016990484,-2.0739914,-0.252090441,4.021778674,-4.064587574,-0.058996661,-0.234777563,-0.961474023,-0.112098946,-0.043399873,0.374212281,-1.312692258,0.477390065,-0.040832038,-0.43068229,-0.045478825,-1.067978517,-0.331330198,-0.050401733,-3.289147639,-0.893640561,-0.339695227,-0.021074696,-0.444988573,0.176294915,-4.90749643,-0.054862088,0.129618563,0.21840927,-0.031978956,0.23721039,-0.028964884,-1.252620926,-0.236013556,-0.018823278
MS28_4,-0.090533255,-0.071466964,-0.085542414,-0.187467529,3.07266882,-0.027841639,0.175792442,2.54062894,-0.018502467,-0.133767117,0.135527384,-0.358279279,-0.022979474,-0.057295822,3.186839124,-7.604899838,-0.059759456,-0.085090233,-3.210844687,-1.871953211,1.067385984,-0.316585113,-2.004001233,-0.036597165,0.294777913,0.383049894,11.42965158,-0.059961613,-0.287119956,0.048360831,-0.076983849,0.143107227,-1.0024443,0.974792825,-3.245850525,-0.056602523,-1.250311786,-0.04071265,0.157199499,-0.577277221,-0.011607318,1.149372056,0.411895053,-2.406477468,0.42077142,-0.291548814,-0.004298604,0.218759568,-0.116686931,-0.037913888,-0.313244013,-0.388980843,-0.041346907,-0.02264991,0.01343891,-1.86174962,0.128615944,-1.730412193,1.159018378,-0.065213135,-0.207946435,-0.939170516,-0.135787636,-0.041249656,-0.175767208,-1.14409517,0.643083101,-0.040427392,0.015574834,-0.247463556,-1.004200004,-0.307968988,-0.033035235,-3.008995514,-0.842230516,-0.335538108,0.051056407,0.910381472,0.845870099,-4.065361906,-0.106834269,0.174092251,0.099398191,-0.012491186,-0.133103055,-0.027168758,-0.832496032,-0.12591524,-0.016590513
MS28_5,-0.08995319,-0.060265646,-0.085030277,-0.329819164,2.858908185,-0.025855784,0.611021177,-2.461764892,-0.015342676,-0.144609773,-0.039768117,-0.243828961,-0.026974713,-0.000899493,5.522495069,-0.91488889,-0.02677225,-0.089017941,-1.049643334,-0.862034322,-0.19667238,-0.372604454,-1.506527229,-0.015132359,0.441686505,0.208359961,7.246737407,-0.062284726,-0.204042615,0.031769651,0.016837809,-0.459011796,-0.74384343,-0.613771407,-2.876504275,-0.075233293,-6.409356953,-0.044475406,-0.014940464,-0.628808036,-0.193025075,1.069776864,0.186849606,-2.12190907,0.068220353,-0.291883555,0.133766491,0.256592864,-0.20438319,-0.099531217,-0.320165415,-0.381249236,-0.051891346,-0.032371381,-0.025273567,-1.500477928,0.516191022,0.194862479,0.240501072,-0.020065072,-0.235797908,-0.81224431,-0.075709348,-0.04486809,-0.130466989,0.101315966,0.946766785,-0.03377289,-0.477626387,-0.049714047,-1.041532449,-0.316123347,-0.052517193,-0.922020707,-0.778014704,-0.334275112,-0.024452677,-0.241503456,-0.204652025,-3.184180085,-0.135049017,-0.034706839,-0.021365019,0.058151897,-0.010984912,-0.027117889,-1.46862365,-0.089387928,-0.016195863
MS28_6,-0.094069638,-0.067399667,-0.086269629,-0.413008205,-1.160763123,-0.028970269,-0.080593723,0.706949438,-0.016649166,-0.148457006,0.361690311,-0.357738469,-0.021271669,-0.048030027,1.891755446,-17.40170381,-0.02883799,-0.172815092,-3.244011984,-1.874076216,-0.214622247,-0.461522004,-0.872803601,-0.091974495,0.206292289,0.477893222,23.70458572,-0.060580447,-0.293666176,0.103452158,0.001571899,6.74967149,-0.990612365,-0.916200278,-3.265560838,-0.083723412,-1.820856938,0.017011077,-0.124302095,-0.60060562,0.164741112,0.056704283,0.182340425,-4.170170634,0.293727534,-0.291541191,-0.0256277,0.220410078,-0.103709165,-0.040479818,-0.365130288,-0.403501386,0.288004784,-0.025341743,-0.013801321,-2.112945568,-0.294915677,-2.247506701,-5.155747329,-0.062897656,-0.229667508,-0.95909484,0.131025217,-0.044864613,0.152809515,-1.511780624,0.231196535,-0.042316063,0.127583023,-0.209024277,-1.070488192,-0.336344371,-0.000544201,-3.285297063,-0.888665451,-0.341682262,-0.022978394,1.287119494,1.389945858,-4.902147509,-0.113262623,0.001473835,0.308298228,-0.041865878,0.055039919,-0.031020691,-0.979051208,-0.2067754,-0.01863329
MS35_1,-0.09460031,-0.07472989,-0.086141828,-0.441005545,-0.665826332,-0.026866712,0.228795067,-3.601176946,-0.016785652,-0.144265517,0.108828217,-0.358139444,-0.018787538,-0.053464345,2.718328314,-16.12526123,-0.045187303,-0.084219376,-3.0834893,-1.797238432,-0.214724018,-0.341049389,0.550123943,-0.171673538,0.092292127,-0.184297876,22.72068952,-0.065081478,-0.253598202,0.323351714,0.059181672,3.399165378,-1.000502516,-1.098367087,-3.310500882,-0.042457774,-2.262593274,0.072520412,-0.179915687,-0.576860447,0.966443724,-0.295010374,0.425208394,-4.079387939,0.220404202,-0.29139671,0.077362772,0.528775139,-0.145581806,0.054220089,-0.364958886,-0.405138131,0.78732314,-0.028542306,-0.004145815,-2.065993165,-0.051296402,-0.293688996,-4.023842437,-0.053850836,-0.231939318,-0.994747622,-0.038043759,-0.041598417,0.030049763,-1.607819394,0.799463738,-0.041594901,-0.265999967,-0.101600538,-1.067300995,-0.3406989,0.01426027,-3.228453749,-0.943689224,-0.340936576,-0.017937557,0.880809327,2.628592971,-4.470357806,-0.012632505,0.123142804,0.361822474,-0.02871452,0.160572991,-0.02855846,-1.441659448,-0.192006452,-0.019358955
MS35_2,-0.093562259,-0.066403998,-0.08587084,-0.425838375,-0.848152038,-0.027115142,-0.082203409,-2.69212144,-0.01089365,-0.150347851,0.061771126,-0.347261052,0.063779503,-0.077681875,6.536367301,-12.56204184,-0.057404272,-0.093592326,-2.169726905,-1.352321093,-0.211790986,-0.13127682,0.571584465,-0.107814386,0.309421159,0.34184018,20.03443885,-0.065358352,-0.240562999,0.16285903,0.549544566,-0.410085426,-0.939841129,-1.036134125,-3.27981149,-0.078776904,-4.356749124,-0.006916095,-0.171137546,-0.566852408,1.299358729,0.049921919,0.943830384,-3.707687055,0.154105333,-0.291861172,0.194844861,0.355020605,-0.195450216,-0.07721095,-0.362850666,-0.40445827,-0.019262127,-0.031306044,-0.013419073,-1.931513387,-0.011600687,0.76352343,-4.803342884,-0.057574179,-0.23523659,-0.975506273,-0.010522935,-0.042901889,0.306040311,-1.116037108,1.018553851,-0.039774361,-0.44718057,0.033261548,-1.05440462,-0.338029925,-0.014354708,-2.277736325,-0.867438646,-0.338957738,-0.020375512,-0.364241321,0.232128189,-4.749005755,-0.065220841,0.06638725,0.072987661,0.046391609,0.035252833,-0.028290424,-1.637934822,-0.21274959,-0.018309075
MS35_3,-0.094262357,-0.056707753,-0.080513675,-0.384871875,-1.21566705,-0.02382075,-0.122352429,-0.590186004,-0.0153289,-0.148479901,-0.01424897,-0.356691425,-0.018555444,-0.026913891,3.413031913,-10.38614187,-0.054372378,-0.174372818,-2.854967862,-1.696177046,-0.19603533,-0.381699804,4.455713976,-0.175795621,0.195807361,-0.080016814,15.70192366,-0.06620398,-0.195961265,0.102543525,0.041335966,-0.027827014,-0.988214717,-0.956148715,-3.218213493,-0.03016268,-0.689207637,-0.008707332,-0.172249906,-0.534134171,1.613256735,0.17021864,0.45905916,-3.934406085,0.443112983,-0.291506371,-0.01683012,0.894745154,-0.11459685,-0.062961341,-0.361524157,-0.392260558,-0.032655727,-0.03216939,0.061591257,-1.939930034,0.588676612,-2.389451319,-0.220356998,-0.05384236,-0.234341719,-0.990662117,0.035677756,-0.041881145,0.751655942,-1.481598143,1.324932414,-0.041577219,0.865951986,-0.077161169,-1.049735137,-0.338888085,0.020495466,-3.193762427,-0.931755535,-0.338953365,-0.018030768,2.317274037,0.890903458,-3.895919269,-0.061558644,0.09500963,0.217854302,-0.037974849,0.403412348,-0.009839154,-2.125818909,-0.093668097,-0.019303793
MS35_4,-0.094137296,-0.071995457,-0.083784909,-0.215059258,-0.784181583,-0.026347385,3.987334867,10.97950895,-0.01564348,-0.147093032,0.099538616,-0.353197907,0.388505616,-0.028861282,4.343510743,-15.67736086,-0.058164103,-0.176177588,-2.499822642,-1.503564947,-0.20943562,-0.178042223,-2.899322218,-0.099640214,-0.048403501,0.091959342,14.78970223,-0.065800853,-0.289666457,0.118893967,-0.09381275,-1.180548307,-0.979910173,-1.140779461,-3.330369484,-0.053611105,1.002211363,0.071266789,-0.189771819,-0.514498298,0.756728178,1.741845192,0.356622721,-3.659163763,0.260371618,-0.291568356,0.009064306,0.79894372,-0.081779647,0.086206774,-0.379470105,-0.404930636,-0.021765547,-0.035253757,-0.008163896,-1.953371783,-0.302887991,-1.959609597,3.213773852,-0.051823932,-0.23515284,-0.954295618,-0.133170621,0.94856719,0.013416928,-1.639884559,-0.068151316,-0.041410629,-0.261337894,-0.159799757,-1.070326601,-0.332744996,-0.028124104,-2.830603186,-0.934458886,-0.33969189,-0.018352514,0.817564429,1.353342454,-2.911995937,-0.135833173,-0.04350563,0.27250874,-0.025288172,-0.047080584,-0.028562624,-1.498295536,-0.060461779,-0.018758276
MS35_5,-0.089851445,-0.053064293,-0.082480158,-0.438666745,0.261328457,-0.022320709,2.057318423,-0.801971583,-0.008861188,-0.143045054,-0.034193168,-0.357077571,0.186674612,-0.019229759,0.515716231,-1.616322387,-0.028337165,-0.031127158,-1.994372386,-1.266262259,-0.193115256,-0.3840937,-3.356107486,-0.062384432,0.24475408,0.073576748,9.872201311,-0.057433906,-0.11895498,0.415603758,0.294500996,-1.233138329,-0.990564403,-0.992711912,-3.26200739,-0.043270916,-4.225798271,0.004110871,-0.172347883,-0.259036466,0.900810377,0.443167062,0.816172384,-1.910079666,0.254336082,-0.291055893,0.027677757,0.478468926,-0.156278762,-0.012886692,-0.372776586,-0.40056396,0.044649257,-0.006820921,-0.021152206,-1.678163173,0.315551998,-2.870008305,-0.759125426,-0.03402798,-0.230634764,-0.847088476,0.051141714,0.601781843,0.243184466,-0.27086433,1.349849779,-0.038692372,0.134446031,-0.105874179,-1.062155428,-0.310382726,0.017505454,-2.606463814,-0.859519644,-0.331175279,0.033744766,0.054913177,0.740542665,-3.036390457,0.260500582,0.096342829,0.030378772,0.387595923,0.56788849,-0.028931196,-1.918960904,-0.066655746,-0.01606893
MS35_6,-0.093090617,-0.066328583,-0.085204867,-0.41251239,-1.434576798,-0.021506116,0.352906085,-0.922651875,-0.013347292,-0.153144816,0.116068814,-0.358493152,-0.023193189,-0.008584131,2.735475688,-8.910173414,-0.059958062,-0.165704135,-3.29469213,-1.880648943,-0.056284817,-0.513242309,-1.161872186,0.115210153,0.344304982,-0.008905387,14.43690249,-0.064451626,-0.164397719,0.050100634,0.028721634,4.356484427,-0.985666109,-0.889559693,-3.230851926,-0.0356066,-1.789600259,0.030289835,-0.160205826,-0.608215411,0.587288978,0.074114074,0.379474791,-1.973641531,0.380871809,-0.289874319,0.052318226,1.820560406,-0.112817647,-0.134217466,-0.326934333,-0.402301726,-0.023567154,-0.023821072,0.107943478,-1.367713116,0.239654674,-4.032334466,-0.229237519,-0.041648544,-0.225283867,-0.934344768,-0.128114371,-0.030384083,-0.064131953,-1.277486404,0.753656824,-0.041840846,1.537284701,-0.275314066,-1.042414445,-0.316908124,0.198897877,-3.045065239,-0.908261505,-0.33760815,-0.022543134,1.04583628,1.563505031,-3.739156079,-0.128954536,-0.051678767,0.1954335,-0.046041851,-0.10613049,0.012098393,-2.006894634,0.204606931,-0.018134047
